id,username,email,status,company,last_login
1,wsandcraft0,dklimentov0@list-manage.com,true,Geba,
2,bhrinchenko1,hbragger1@squarespace.com,false,Realpoint,
3,mgoldenofireland2,ehardisty2@geocities.jp,false,Mynte,
4,rbourgour3,sbrozek3@guardian.co.uk,true,Photobug,
5,cmcnair4,nblackford4@cdc.gov,true,Abata,
6,lgoldby5,kstieger5@npr.org,false,Flipopia,
7,celwill6,mkimmerling6@salon.com,false,Skiptube,
8,fpettyfer7,bmaltman7@statcounter.com,true,Eimbee,
9,sfroggatt8,pdore8@bizjournals.com,true,Innojam,
10,wokeenan9,fmclugaish9@thetimes.co.uk,false,Topicblab,
11,cbarbeya,aarnotta@latimes.com,false,Lajo,
12,ctrowerb,ddulenb@google.it,false,Gigashots,
13,hkennefickc,pcreadyc@sciencedaily.com,false,Twitternation,
14,molechd,mbattamsd@reuters.com,false,Viva,
15,adaude,sgreesone@nhs.uk,true,Tagpad,
16,bdilrewf,mmashalf@scribd.com,true,Abata,
17,kcalleryg,rcornforthg@google.com.br,false,Linkbuzz,
18,emaddrellh,bromanh@ucoz.ru,false,Shufflebeat,
19,cgleni,rgatei@irs.gov,false,Edgepulse,
20,zscirmanj,ebelfeltj@github.io,true,Jabbersphere,
21,gwhitwhamk,gfattorik@latimes.com,true,Voomm,
22,dmackailel,sstquintinl@apache.org,false,Twitterbridge,
23,rglazierm,tworpolem@boston.com,false,Innotype,
24,mposseltn,cdarringtonn@go.com,false,Yata,
25,gcastagnoneo,cnettleso@last.fm,true,Jaxbean,
26,aklousnerp,mpietruszkap@wisc.edu,false,Flipopia,
27,tvidineevq,pgoundryq@webmd.com,true,Skaboo,
28,cprichetr,mmcilwrathr@skype.com,false,Yakidoo,
29,ghercocks,rhaddrills@dailymotion.com,true,Photobug,
30,lkitchasidet,cbinnet@nydailynews.com,false,Meevee,
31,pnorthu,mzammittu@so-net.ne.jp,false,Edgetag,
32,jplaistowev,arainvillev@booking.com,true,Voonder,
33,mgiabucciw,jvarleyw@blogs.com,false,Ailane,
34,smarshlandx,mmoneyx@webeden.co.uk,false,Yadel,
35,lhaddowy,sannwyly@google.fr,true,JumpXS,
36,cstockleyz,areiskz@time.com,true,Fatz,
37,ronn10,edittson10@sfgate.com,true,Gabvine,
38,mpfaffe11,jcurnucke11@weather.com,false,Trudeo,
39,gecles12,bmellenby12@amazonaws.com,true,Rooxo,
40,jcrossgrove13,cloughnan13@dailymail.co.uk,false,Meembee,
41,apaull14,cconnett14@huffingtonpost.com,true,Realblab,
42,fbodle15,bsmeaton15@de.vu,false,Kazio,
43,acarding16,dstorr16@cloudflare.com,false,Wordpedia,
44,apetters17,mloyley17@statcounter.com,false,Topicshots,
45,jmcnish18,ezammett18@netlog.com,false,Blognation,
46,seldridge19,nbrithman19@cyberchimps.com,false,Babblestorm,
47,eawton1a,zjeannenet1a@miitbeian.gov.cn,true,Skalith,
48,orolston1b,rmcdermid1b@addthis.com,true,Innojam,
49,pbrandt1c,sgouny1c@webs.com,true,Twitterworks,
50,jgendrich1d,scrangle1d@utexas.edu,false,Roodel,
51,fhalle1e,dmadgwick1e@mozilla.org,false,Podcat,
52,jszymanowski1f,gskitterel1f@networksolutions.com,true,Dynabox,
53,zscandwright1g,athomton1g@tmall.com,true,Zooveo,
54,mcashley1h,ftrevallion1h@purevolume.com,true,Wikizz,
55,dbraganca1i,rpoletto1i@seesaa.net,true,Feedfish,
56,fbellhanger1j,kespina1j@mtv.com,true,Ntags,
57,amacvanamy1k,tcostard1k@amazon.de,false,Devpulse,
58,gconyard1l,bskellion1l@unblog.fr,true,Realcube,
59,aglanert1m,lblock1m@etsy.com,false,Wikizz,
60,jgiacobazzi1n,smattingly1n@ezinearticles.com,false,Snaptags,
61,lpetrenko1o,abittlestone1o@w3.org,true,Dynabox,
62,ifurmonger1p,ggiovanardi1p@un.org,true,JumpXS,
63,kraven1q,dcockson1q@nydailynews.com,true,Realmix,
64,mmellonby1r,nsange1r@nifty.com,true,Feedmix,
65,nvanetti1s,aseverns1s@toplist.cz,true,Realcube,
66,mgaughan1t,agonning1t@spotify.com,true,Trudeo,
67,lsayre1u,dgrigg1u@amazon.de,true,Skaboo,
68,lsaby1v,cvercruysse1v@google.com,true,Quatz,
69,chiggen1w,dmcpartling1w@time.com,false,Skivee,
70,fyandle1x,mhuntingdon1x@who.int,false,Blognation,
71,rmctiernan1y,cbosence1y@g.co,false,Eidel,
72,esaker1z,cker1z@dmoz.org,false,Edgetag,
73,fswadlin20,hpetyanin20@wix.com,true,Voomm,
74,eofallon21,rgras21@nifty.com,true,Fliptune,
75,heouzan22,cfilippello22@google.de,false,Agimba,
76,bmcchesney23,kgarfoot23@umn.edu,false,Blogtag,
77,ecawdell24,rhilbourne24@tripod.com,true,Twimbo,
78,rdyka25,kbruster25@myspace.com,true,Rhyloo,
79,hslark26,kreddy26@time.com,false,Quaxo,
80,wdow27,dhinze27@exblog.jp,false,Yakidoo,
81,mgillon28,rdebrett28@trellian.com,false,Viva,
82,igribbon29,aveivers29@dailymotion.com,true,Yadel,
83,ksail2a,bfrodsham2a@walmart.com,false,Oyonder,
84,lrichichi2b,phonniebal2b@purevolume.com,true,Tazzy,
85,dsimcock2c,ljuszczyk2c@so-net.ne.jp,false,Skinder,
86,grunnicles2d,jbloxland2d@paypal.com,false,Wikivu,
87,amacgeaney2e,mcourteney2e@illinois.edu,true,Agimba,
88,cyewman2f,gfitzsymonds2f@canalblog.com,false,Skivee,
89,nlandy2g,ecreech2g@phpbb.com,true,Realcube,
90,abrauns2h,norteau2h@taobao.com,true,Edgeblab,
91,lbastard2i,fmccurt2i@ox.ac.uk,true,Reallinks,
92,rcarrivick2j,dgrose2j@marketwatch.com,false,Trudeo,
93,bhucknall2k,squogan2k@amazonaws.com,true,Muxo,
94,nshill2l,lmanon2l@hao123.com,true,Skiba,
95,stomik2m,ajanuaryst2m@netlog.com,true,Npath,
96,cheller2n,mferrucci2n@skype.com,true,Dynabox,
97,dchatburn2o,fpina2o@list-manage.com,false,Dynazzy,
98,rgregolotti2p,ctrussler2p@infoseek.co.jp,false,Mycat,
99,dchristofe2q,kgreensall2q@vistaprint.com,false,Buzzbean,
100,dalexsandrov2r,flefriec2r@microsoft.com,true,Wordify,
